{"stats":{"minecraft:killed_by":{"minecraft:blaze":1,"minecraft:magma_cube":1},"minecraft:picked_up":{"minecraft:blaze_spawn_egg":3,"minecraft:magma_block":5,"minecraft:anvil":3,"minecraft:water_bucket":3,"minecraft:powder_snow_bucket":2,"minecraft:magma_cube_spawn_egg":2,"minecraft:name_tag":3,"minecraft:netherite_sword":3,"minecraft:bucket":3,"minecraft:cobweb":2,"minecraft:cauldron":3,"minecraft:diamond":1,"minecraft:soul_lantern":2,"minecraft:golden_apple":1,"minecraft:iron_bars":3,"minecraft:obsidian":3,"minecraft:blaze_rod":6,"minecraft:crimson_nylium":3,"minecraft:crimson_roots":1},"minecraft:killed":{"minecraft:magma_cube":18,"minecraft:blaze":2},"minecraft:used":{"minecraft:water_bucket":1,"minecraft:netherite_sword":23,"minecraft:iron_bars":6,"minecraft:purple_candle":2,"minecraft:warped_fungus_on_a_stick":12,"minecraft:prismarine":15,"minecraft:stripped_warped_stem":36,"minecraft:sculk":5,"minecraft:cauldron":2,"minecraft:magenta_stained_glass":88,"minecraft:beacon":2,"minecraft:sculk_sensor":1,"minecraft:debug_stick":10,"minecraft:soul_campfire":4,"minecraft:diamond_block":2,"minecraft:anvil":2,"minecraft:chorus_flower":4,"minecraft:prismarine_bricks":2,"minecraft:prismarine_brick_stairs":5,"minecraft:sculk_shrieker":3,"minecraft:end_stone":74,"minecraft:obsidian":316,"minecraft:purple_stained_glass":33,"minecraft:dark_prismarine":105,"minecraft:ender_eye":19,"minecraft:sea_lantern":42,"minecraft:lava_bucket":1,"minecraft:warped_trapdoor":40,"minecraft:crying_obsidian":1083,"minecraft:string":6,"minecraft:prismarine_wall":4,"minecraft:crimson_nylium":10,"minecraft:crimson_sign":6,"minecraft:soul_lantern":2,"minecraft:magma_cube_spawn_egg":4,"minecraft:blaze_spawn_egg":2,"minecraft:bedrock":228,"minecraft:fire_charge":4,"minecraft:bow":1,"minecraft:magma_block":188,"minecraft:warped_stairs":3,"minecraft:emerald_block":9,"minecraft:end_crystal":7,"minecraft:written_book":21,"minecraft:deepslate_tile_stairs":14,"minecraft:bucket":35,"minecraft:end_portal_frame":35,"minecraft:sculk_catalyst":6,"minecraft:pearlescent_froglight":21,"minecraft:powder_snow_bucket":4,"minecraft:chorus_plant":1,"minecraft:sculk_vein":4,"minecraft:dark_prismarine_stairs":2,"minecraft:polished_blackstone_stairs":23,"minecraft:cobweb":1},"minecraft:custom":{"minecraft:mob_kills":20,"minecraft:interact_with_anvil":2,"minecraft:fill_cauldron":1,"minecraft:leave_game":8,"minecraft:time_since_death":126,"minecraft:climb_one_cm":34,"minecraft:time_since_rest":157,"minecraft:sprint_one_cm":8670,"minecraft:walk_one_cm":82834,"minecraft:damage_taken":1050,"minecraft:damage_dealt":750,"minecraft:interact_with_beacon":5,"minecraft:swim_one_cm":5032,"minecraft:fly_one_cm":1423572,"minecraft:crouch_one_cm":6407,"minecraft:play_time":238856,"minecraft:deaths":14,"minecraft:sneak_time":17554,"minecraft:walk_under_water_one_cm":12817,"minecraft:jump":304,"minecraft:walk_on_water_one_cm":14952,"minecraft:total_world_time":318569,"minecraft:fall_one_cm":1423}},"DataVersion":3955}